<?xml version="1.0" encoding="utf-8"?>
<theme version="php">
<id>boston</id>
<name>免费自适应/响应式/博客主题 boston</name>
<url>http://www.huisem.com</url>
<note>免费！免费！免费！自适应博客主题！</note>
<description></description>
<path>main.php</path>
<include>include.php</include>
<level>1</level>
<author>
  <name>流年</name>
  <email>841217204@qq.com</email>
  <url>http://www.huisem.com</url>
</author>
<source>
  <name>流年</name>
  <email>841217204@qq.com</email>
  <url>http://www.huisem.com</url>
</source>
<adapted>151740</adapted>
<version>1.3</version>
<pubdate>2017-05-13</pubdate>
<modified>2017-05-20</modified>
<price>0</price>
<phpver>5.2</phpver>
<advanced>
  <dependency></dependency>
  <rewritefunctions></rewritefunctions>
  <existsfunctions></existsfunctions>
  <conflict></conflict>
</advanced>
<sidebars>
  <sidebar1></sidebar1>
  <sidebar2></sidebar2>
  <sidebar3></sidebar3>
  <sidebar4></sidebar4>
  <sidebar5></sidebar5>
</sidebars>
</theme>